eventId,modified_single,num_persons
222,0,149
222,1,1875
222,2,5755
222,3,8408
222,4,9057
222,5,8565
222,6,7262
222,7,5613
222,8,4285
222,9,3374
222,10,2669
222,11,2191
222,12,1769
222,13,1473
222,14,1216
222,15,987
222,16,855
222,17,691
222,18,590
222,19,492
222,20,446
222,21,347
222,22,288
222,23,250
222,24,214
222,25,202
222,26,176
222,27,155
222,28,129
222,29,100
222,30,112
222,31,88
222,32,88
222,33,67
222,34,51
222,35,50
222,36,60
222,37,40
222,38,43
222,39,31
222,40,39
222,41,30
222,42,27
222,43,18
222,44,13
222,45,18
222,46,13
222,47,15
222,48,12
222,49,9
222,50,14
222,51,11
222,52,9
222,53,8
222,54,11
222,55,5
222,56,4
222,57,9
222,58,5
222,59,2
222,60,1
222,61,4
222,62,1
222,63,5
222,64,2
222,65,6
222,66,5
222,67,3
222,68,3
222,69,2
222,70,1
222,71,1
222,72,3
222,73,3
222,75,3
222,76,2
222,77,1
222,78,1
222,80,1
222,81,2
222,82,1
222,83,2
222,84,1
222,87,3
222,88,1
222,89,1
222,91,1
222,92,1
222,94,2
222,99,1
222,101,1
222,102,1
222,106,1
222,107,1
222,110,1
222,112,1
222,114,2
222,120,1
222,122,1
222,124,1
222,133,2
222,139,1
222,145,1
222,148,1
222,169,1
222,179,1
222,209,1
222,215,1
222,301,1
222,307,1
222,323,1
222,357,1
222,455,1
222,521,1
333,3,1
333,4,22
333,5,97
333,6,384
333,7,788
333,8,1441
333,9,2129
333,10,2893
333,11,3588
333,12,3805
333,13,3933
333,14,3972
333,15,3930
333,16,3729
333,17,3698
333,18,3491
333,19,3333
333,20,3321
333,21,3197
333,22,2844
333,23,2831
333,24,2580
333,25,2466
333,26,2391
333,27,2260
333,28,2158
333,29,2083
333,30,1929
333,31,1877
333,32,1860
333,33,1740
333,34,1579
333,35,1571
333,36,1491
333,37,1368
333,38,1392
333,39,1359
333,40,1342
333,41,1259
333,42,1139
333,43,1137
333,44,1048
333,45,1035
333,46,960
333,47,915
333,48,939
333,49,867
333,50,765
333,51,789
333,52,769
333,53,757
333,54,709
333,55,693
333,56,617
333,57,627
333,58,584
333,59,560
333,60,533
333,61,511
333,62,512
333,63,504
333,64,436
333,65,456
333,66,426
333,67,390
333,68,387
333,69,381
333,70,314
333,71,329
333,72,302
333,73,319
333,74,256
333,75,261
333,76,246
333,77,263
333,78,243
333,79,217
333,80,202
333,81,200
333,82,194
333,83,192
333,84,177
333,85,152
333,86,155
333,87,140
333,88,162
333,89,131
333,90,140
333,91,106
333,92,121
333,93,114
333,94,97
333,95,105
333,96,97
333,97,110
333,98,87
333,99,72
333,100,90
333,101,75
333,102,76
333,103,71
333,104,80
333,105,64
333,106,51
333,107,46
333,108,64
333,109,52
333,110,71
333,111,54
333,112,52
333,113,48
333,114,36
333,115,42
333,116,39
333,117,36
333,118,44
333,119,43
333,120,35
333,121,31
333,122,48
333,123,22
333,124,31
333,125,28
333,126,29
333,127,21
333,128,37
333,129,17
333,130,27
333,131,17
333,132,28
333,133,28
333,134,22
333,135,22
333,136,32
333,137,22
333,138,20
333,139,9
333,140,21
333,141,18
333,142,15
333,143,19
333,144,14
333,145,13
333,146,9
333,147,23
333,148,7
333,149,17
333,150,17
333,151,10
333,152,10
333,153,12
333,154,8
333,155,7
333,156,12
333,157,11
333,158,8
333,159,7
333,160,8
333,161,11
333,162,7
333,163,9
333,164,8
333,165,4
333,166,8
333,167,6
333,168,9
333,169,7
333,170,7
333,171,3
333,172,5
333,173,5
333,174,6
333,175,3
333,176,4
333,177,10
333,178,4
333,179,4
333,180,5
333,181,1
333,182,3
333,183,4
333,184,4
333,185,3
333,186,2
333,187,3
333,188,7
333,189,4
333,190,7
333,191,5
333,192,1
333,193,6
333,194,2
333,195,1
333,196,4
333,197,3
333,198,3
333,199,3
333,200,5
333,201,1
333,202,7
333,203,4
333,204,4
333,205,3
333,206,1
333,207,3
333,208,7
333,209,3
333,210,2
333,211,1
333,212,1
333,215,2
333,216,1
333,217,1
333,218,2
333,219,2
333,220,1
333,221,4
333,222,1
333,223,1
333,224,1
333,225,2
333,228,1
333,229,1
333,230,4
333,231,1
333,232,1
333,234,1
333,235,2
333,236,3
333,239,4
333,240,1
333,243,3
333,244,3
333,245,2
333,246,1
333,247,2
333,249,1
333,250,1
333,253,1
333,257,2
333,259,1
333,261,2
333,263,2
333,264,1
333,266,2
333,267,2
333,272,1
333,273,1
333,275,1
333,276,1
333,280,1
333,281,1
333,282,1
333,283,2
333,286,1
333,287,1
333,291,1
333,292,1
333,293,1
333,295,1
333,297,1
333,299,2
333,302,2
333,303,1
333,305,1
333,307,1
333,311,1
333,316,1
333,319,1
333,320,1
333,323,1
333,324,1
333,326,2
333,333,1
333,341,1
333,342,2
333,346,1
333,348,1
333,349,2
333,352,1
333,353,1
333,360,2
333,361,1
333,406,1
333,420,1
333,422,1
333,435,1
333,461,1
333,476,1
333,484,1
333,493,1
333,553,1
333,593,1
333,648,1
333bf,16,1
333bf,17,3
333bf,18,4
333bf,19,3
333bf,20,10
333bf,21,5
333bf,22,6
333bf,23,11
333bf,24,15
333bf,25,11
333bf,26,13
333bf,27,7
333bf,28,3
333bf,29,11
333bf,30,10
333bf,31,12
333bf,32,9
333bf,33,10
333bf,34,9
333bf,35,7
333bf,36,10
333bf,37,14
333bf,38,12
333bf,39,8
333bf,40,9
333bf,41,11
333bf,42,11
333bf,43,15
333bf,44,8
333bf,45,17
333bf,46,14
333bf,47,11
333bf,48,9
333bf,49,11
333bf,50,16
333bf,51,12
333bf,52,12
333bf,53,10
333bf,54,14
333bf,55,16
333bf,56,12
333bf,57,8
333bf,58,9
333bf,59,14
333bf,60,12
333bf,61,11
333bf,62,18
333bf,63,16
333bf,64,8
333bf,65,10
333bf,66,11
333bf,67,15
333bf,68,13
333bf,69,9
333bf,70,13
333bf,71,21
333bf,72,14
333bf,73,15
333bf,74,22
333bf,75,19
333bf,76,15
333bf,77,14
333bf,78,18
333bf,79,22
333bf,80,14
333bf,81,17
333bf,82,11
333bf,83,20
333bf,84,20
333bf,85,7
333bf,86,19
333bf,87,17
333bf,88,19
333bf,89,26
333bf,90,17
333bf,91,19
333bf,92,19
333bf,93,24
333bf,94,19
333bf,95,13
333bf,96,18
333bf,97,19
333bf,98,19
333bf,99,15
333bf,100,13
333bf,101,19
333bf,102,24
333bf,103,18
333bf,104,19
333bf,105,18
333bf,106,20
333bf,107,16
333bf,108,20
333bf,109,18
333bf,110,17
333bf,111,20
333bf,112,19
333bf,113,17
333bf,114,21
333bf,115,21
333bf,116,16
333bf,117,14
333bf,118,17
333bf,119,14
333bf,120,17
333bf,121,17
333bf,122,16
333bf,123,17
333bf,124,19
333bf,125,15
333bf,126,21
333bf,127,27
333bf,128,7
333bf,129,15
333bf,130,15
333bf,131,22
333bf,132,16
333bf,133,20
333bf,134,20
333bf,135,12
333bf,136,20
333bf,137,12
333bf,138,19
333bf,139,22
333bf,140,20
333bf,141,17
333bf,142,21
333bf,143,11
333bf,144,17
333bf,145,14
333bf,146,13
333bf,147,16
333bf,148,16
333bf,149,20
333bf,150,12
333bf,151,18
333bf,152,19
333bf,153,18
333bf,154,16
333bf,155,15
333bf,156,13
333bf,157,13
333bf,158,19
333bf,159,27
333bf,160,13
333bf,161,16
333bf,162,25
333bf,163,21
333bf,164,26
333bf,165,14
333bf,166,11
333bf,167,13
333bf,168,20
333bf,169,17
333bf,170,15
333bf,171,25
333bf,172,17
333bf,173,15
333bf,174,15
333bf,175,14
333bf,176,9
333bf,177,20
333bf,178,19
333bf,179,14
333bf,180,19
333bf,181,23
333bf,182,22
333bf,183,17
333bf,184,15
333bf,185,20
333bf,186,18
333bf,187,18
333bf,188,19
333bf,189,15
333bf,190,17
333bf,191,18
333bf,192,10
333bf,193,15
333bf,194,23
333bf,195,14
333bf,196,21
333bf,197,15
333bf,198,18
333bf,199,15
333bf,200,28
333bf,201,18
333bf,202,16
333bf,203,16
333bf,204,24
333bf,205,18
333bf,206,18
333bf,207,22
333bf,208,16
333bf,209,21
333bf,210,17
333bf,211,13
333bf,212,13
333bf,213,20
333bf,214,12
333bf,215,16
333bf,216,22
333bf,217,10
333bf,218,10
333bf,219,14
333bf,220,13
333bf,221,9
333bf,222,17
333bf,223,11
333bf,224,13
333bf,225,15
333bf,226,21
333bf,227,15
333bf,228,12
333bf,229,13
333bf,230,19
333bf,231,17
333bf,232,14
333bf,233,12
333bf,234,18
333bf,235,10
333bf,236,11
333bf,237,17
333bf,238,9
333bf,239,13
333bf,240,16
333bf,241,15
333bf,242,14
333bf,243,10
333bf,244,14
333bf,245,8
333bf,246,18
333bf,247,12
333bf,248,16
333bf,249,16
333bf,250,12
333bf,251,15
333bf,252,13
333bf,253,9
333bf,254,11
333bf,255,12
333bf,256,14
333bf,257,11
333bf,258,21
333bf,259,15
333bf,260,15
333bf,261,12
333bf,262,12
333bf,263,9
333bf,264,12
333bf,265,21
333bf,266,12
333bf,267,15
333bf,268,14
333bf,269,12
333bf,270,12
333bf,271,12
333bf,272,11
333bf,273,4
333bf,274,12
333bf,275,5
333bf,276,10
333bf,277,7
333bf,278,12
333bf,279,14
333bf,280,8
333bf,281,16
333bf,282,14
333bf,283,10
333bf,284,11
333bf,285,11
333bf,286,14
333bf,287,10
333bf,288,14
333bf,289,11
333bf,290,7
333bf,291,8
333bf,292,5
333bf,293,8
333bf,294,17
333bf,295,3
333bf,296,10
333bf,297,9
333bf,298,15
333bf,299,9
333bf,300,10
333bf,301,9
333bf,302,6
333bf,303,15
333bf,304,9
333bf,305,6
333bf,306,13
333bf,307,7
333bf,308,4
333bf,309,5
333bf,310,13
333bf,311,6
333bf,312,7
333bf,313,20
333bf,314,15
333bf,315,9
333bf,316,10
333bf,317,10
333bf,318,9
333bf,319,10
333bf,320,11
333bf,321,5
333bf,322,11
333bf,323,13
333bf,324,9
333bf,325,5
333bf,326,7
333bf,327,12
333bf,328,4
333bf,329,8
333bf,330,3
333bf,331,13
333bf,332,8
333bf,333,6
333bf,334,4
333bf,335,9
333bf,336,7
333bf,337,11
333bf,338,11
333bf,339,8
333bf,340,6
333bf,341,8
333bf,342,13
333bf,343,4
333bf,344,8
333bf,345,13
333bf,346,5
333bf,347,7
333bf,348,4
333bf,349,3
333bf,350,3
333bf,351,6
333bf,352,7
333bf,353,4
333bf,354,5
333bf,355,3
333bf,356,7
333bf,357,16
333bf,358,4
333bf,359,4
333bf,360,3
333bf,361,8
333bf,362,14
333bf,363,6
333bf,364,5
333bf,365,8
333bf,366,6
333bf,367,7
333bf,368,7
333bf,369,4
333bf,370,5
333bf,371,5
333bf,372,5
333bf,373,8
333bf,374,5
333bf,376,9
333bf,377,3
333bf,378,6
333bf,379,6
333bf,380,6
333bf,381,4
333bf,382,7
333bf,383,6
333bf,384,5
333bf,385,8
333bf,386,3
333bf,387,4
333bf,388,7
333bf,389,4
333bf,390,9
333bf,391,7
333bf,392,5
333bf,393,9
333bf,394,3
333bf,395,5
333bf,396,2
333bf,397,9
333bf,398,5
333bf,399,3
333bf,400,7
333bf,401,3
333bf,402,3
333bf,403,5
333bf,404,6
333bf,405,5
333bf,406,7
333bf,407,8
333bf,408,9
333bf,409,6
333bf,410,2
333bf,411,1
333bf,412,2
333bf,413,5
333bf,414,6
333bf,415,4
333bf,416,1
333bf,417,6
333bf,418,4
333bf,419,11
333bf,420,4
333bf,421,3
333bf,422,5
333bf,423,2
333bf,424,12
333bf,425,11
333bf,426,4
333bf,427,3
333bf,428,1
333bf,429,6
333bf,430,6
333bf,431,4
333bf,432,1
333bf,433,3
333bf,434,7
333bf,435,2
333bf,436,4
333bf,437,5
333bf,438,3
333bf,439,3
333bf,440,1
333bf,441,4
333bf,442,5
333bf,443,7
333bf,444,6
333bf,445,5
333bf,446,3
333bf,447,2
333bf,448,1
333bf,449,2
333bf,450,1
333bf,451,4
333bf,452,1
333bf,453,8
333bf,454,4
333bf,455,5
333bf,456,2
333bf,457,4
333bf,458,1
333bf,459,3
333bf,460,3
333bf,461,5
333bf,462,3
333bf,463,6
333bf,465,2
333bf,466,3
333bf,467,2
333bf,468,5
333bf,469,5
333bf,470,1
333bf,471,7
333bf,472,6
333bf,473,5
333bf,474,3
333bf,475,3
333bf,476,4
333bf,477,2
333bf,478,4
333bf,479,4
333bf,480,3
333bf,481,2
333bf,482,2
333bf,483,5
333bf,484,1
333bf,485,2
333bf,486,4
333bf,487,5
333bf,488,2
333bf,489,1
333bf,490,6
333bf,491,2
333bf,492,3
333bf,493,3
333bf,494,4
333bf,495,3
333bf,496,2
333bf,497,2
333bf,498,4
333bf,499,6
333bf,501,3
333bf,502,1
333bf,503,4
333bf,504,6
333bf,505,2
333bf,506,3
333bf,507,3
333bf,508,1
333bf,509,1
333bf,510,2
333bf,511,1
333bf,512,2
333bf,513,2
333bf,514,4
333bf,515,2
333bf,516,2
333bf,517,2
333bf,519,3
333bf,520,3
333bf,521,3
333bf,522,1
333bf,523,2
333bf,524,4
333bf,525,2
333bf,526,2
333bf,527,2
333bf,528,2
333bf,529,1
333bf,530,3
333bf,531,1
333bf,532,4
333bf,533,3
333bf,534,3
333bf,536,4
333bf,538,1
333bf,539,1
333bf,540,4
333bf,541,5
333bf,543,1
333bf,545,1
333bf,546,1
333bf,547,3
333bf,548,4
333bf,550,1
333bf,551,1
333bf,552,2
333bf,553,2
333bf,555,2
333bf,556,2
333bf,557,1
333bf,558,1
333bf,559,1
333bf,561,1
333bf,562,2
333bf,564,1
333bf,565,2
333bf,567,3
333bf,568,1
333bf,569,4
333bf,570,3
333bf,571,4
333bf,572,1
333bf,573,2
333bf,576,2
333bf,577,1
333bf,578,1
333bf,581,2
333bf,582,3
333bf,583,2
333bf,584,3
333bf,585,3
333bf,586,1
333bf,587,1
333bf,590,1
333bf,593,1
333bf,594,1
333bf,595,1
333bf,598,1
333bf,600,1
333bf,603,2
333bf,610,1
333bf,611,1
333bf,616,1
333bf,621,3
333bf,623,1
333bf,624,2
333bf,626,3
333bf,627,1
333bf,629,1
333bf,631,1
333bf,632,2
333bf,636,1
333bf,640,1
333bf,642,1
333bf,643,1
333bf,644,1
333bf,645,1
333bf,657,1
333bf,674,1
333bf,680,1
333bf,682,1
333bf,687,2
333bf,693,1
333bf,695,1
333bf,698,1
333bf,703,1
333bf,704,2
333bf,720,1
333bf,740,2
333bf,748,1
333bf,750,1
333bf,751,1
333bf,764,1
333bf,766,1
333bf,782,1
333bf,784,1
333bf,791,2
333bf,793,1
333bf,794,1
333bf,796,1
333bf,802,1
333bf,813,1
333bf,819,1
333bf,824,1
333bf,835,1
333bf,838,1
333bf,840,1
333bf,842,1
333bf,848,1
333bf,859,1
333bf,869,1
333bf,885,1
333bf,899,1
333bf,910,1
333bf,915,1
333bf,943,1
333bf,967,1
333bf,982,1
333bf,1026,1
333bf,1054,1
333bf,1075,1
333bf,1114,1
333bf,1179,1
333bf,1217,1
333bf,1227,1
333bf,1411,1
333fm,17,1
333fm,18,2
333fm,19,7
333fm,20,10
333fm,21,11
333fm,22,29
333fm,23,30
333fm,24,37
333fm,25,54
333fm,26,72
333fm,27,81
333fm,28,110
333fm,29,137
333fm,30,123
333fm,31,148
333fm,32,150
333fm,33,169
333fm,34,160
333fm,35,167
333fm,36,211
333fm,37,191
333fm,38,187
333fm,39,185
333fm,40,179
333fm,41,220
333fm,42,205
333fm,43,210
333fm,44,189
333fm,45,167
333fm,46,178
333fm,47,175
333fm,48,154
333fm,49,160
333fm,50,141
333fm,51,122
333fm,52,123
333fm,53,110
333fm,54,100
333fm,55,89
333fm,56,67
333fm,57,73
333fm,58,55
333fm,59,62
333fm,60,53
333fm,61,44
333fm,62,36
333fm,63,27
333fm,64,23
333fm,65,13
333fm,66,20
333fm,67,23
333fm,68,21
333fm,69,21
333fm,70,6
333fm,71,5
333fm,72,13
333fm,73,9
333fm,74,7
333fm,75,3
333fm,76,3
333fm,77,2
333fm,78,5
333fm,79,2
333fm,80,3
333fm,81,1
333fm,87,1
333fm,376,1
333fm,535,1
333ft,16,1
333ft,18,1
333ft,19,1
333ft,20,2
333ft,21,2
333ft,22,3
333ft,23,1
333ft,24,5
333ft,25,4
333ft,26,3
333ft,27,11
333ft,28,3
333ft,29,9
333ft,30,6
333ft,31,8
333ft,32,6
333ft,33,16
333ft,34,11
333ft,35,6
333ft,36,7
333ft,37,4
333ft,38,14
333ft,39,13
333ft,40,12
333ft,41,12
333ft,42,18
333ft,43,11
333ft,44,14
333ft,45,15
333ft,46,11
333ft,47,11
333ft,48,17
333ft,49,8
333ft,50,11
333ft,51,14
333ft,52,12
333ft,53,17
333ft,54,11
333ft,55,8
333ft,56,12
333ft,57,15
333ft,58,18
333ft,59,10
333ft,60,11
333ft,61,10
333ft,62,18
333ft,63,7
333ft,64,14
333ft,65,11
333ft,66,15
333ft,67,8
333ft,68,16
333ft,69,12
333ft,70,12
333ft,71,13
333ft,72,16
333ft,73,17
333ft,74,15
333ft,75,17
333ft,76,10
333ft,77,11
333ft,78,16
333ft,79,23
333ft,80,17
333ft,81,18
333ft,82,17
333ft,83,12
333ft,84,19
333ft,85,16
333ft,86,16
333ft,87,13
333ft,88,17
333ft,89,13
333ft,90,9
333ft,91,17
333ft,92,15
333ft,93,15
333ft,94,19
333ft,95,13
333ft,96,15
333ft,97,10
333ft,98,16
333ft,99,13
333ft,100,18
333ft,101,12
333ft,102,10
333ft,103,17
333ft,104,11
333ft,105,17
333ft,106,12
333ft,107,12
333ft,108,14
333ft,109,12
333ft,110,16
333ft,111,10
333ft,112,11
333ft,113,15
333ft,114,12
333ft,115,14
333ft,116,7
333ft,117,15
333ft,118,14
333ft,119,14
333ft,120,13
333ft,121,11
333ft,122,11
333ft,123,9
333ft,124,14
333ft,125,13
333ft,126,15
333ft,127,18
333ft,128,9
333ft,129,8
333ft,130,10
333ft,131,13
333ft,132,10
333ft,133,13
333ft,134,11
333ft,135,12
333ft,136,12
333ft,137,9
333ft,138,11
333ft,139,9
333ft,140,9
333ft,141,11
333ft,142,14
333ft,143,11
333ft,144,15
333ft,145,8
333ft,146,11
333ft,147,19
333ft,148,12
333ft,149,7
333ft,150,5
333ft,151,16
333ft,152,10
333ft,153,8
333ft,154,10
333ft,155,8
333ft,156,10
333ft,157,9
333ft,158,7
333ft,159,11
333ft,160,6
333ft,161,8
333ft,162,13
333ft,163,12
333ft,164,11
333ft,165,8
333ft,166,11
333ft,167,7
333ft,168,9
333ft,169,11
333ft,170,6
333ft,171,6
333ft,172,14
333ft,173,10
333ft,174,6
333ft,175,10
333ft,176,6
333ft,177,12
333ft,178,11
333ft,179,10
333ft,180,3
333ft,181,12
333ft,182,2
333ft,183,7
333ft,184,7
333ft,185,5
333ft,186,9
333ft,187,9
333ft,188,5
333ft,189,5
333ft,190,8
333ft,191,7
333ft,192,11
333ft,193,12
333ft,194,5
333ft,195,7
333ft,196,8
333ft,197,6
333ft,198,4
333ft,199,2
333ft,200,7
333ft,201,4
333ft,202,7
333ft,203,2
333ft,204,5
333ft,205,2
333ft,206,9
333ft,207,3
333ft,208,7
333ft,209,3
333ft,210,4
333ft,211,6
333ft,212,5
333ft,213,10
333ft,214,7
333ft,215,3
333ft,216,5
333ft,217,7
333ft,218,6
333ft,219,1
333ft,220,2
333ft,221,4
333ft,222,3
333ft,223,5
333ft,224,5
333ft,225,3
333ft,226,2
333ft,227,7
333ft,228,2
333ft,229,5
333ft,230,8
333ft,231,5
333ft,232,4
333ft,233,6
333ft,234,5
333ft,235,9
333ft,236,8
333ft,237,3
333ft,238,2
333ft,239,5
333ft,240,3
333ft,241,3
333ft,242,2
333ft,243,3
333ft,244,3
333ft,245,2
333ft,246,6
333ft,247,3
333ft,248,2
333ft,249,6
333ft,250,1
333ft,251,4
333ft,252,6
333ft,253,6
333ft,254,4
333ft,255,6
333ft,256,4
333ft,257,6
333ft,258,4
333ft,259,5
333ft,260,8
333ft,261,4
333ft,262,7
333ft,263,1
333ft,264,3
333ft,265,4
333ft,266,2
333ft,267,2
333ft,268,5
333ft,269,1
333ft,270,2
333ft,271,4
333ft,272,3
333ft,274,5
333ft,275,6
333ft,276,5
333ft,277,2
333ft,278,2
333ft,279,5
333ft,280,1
333ft,281,1
333ft,283,1
333ft,284,1
333ft,285,1
333ft,286,3
333ft,287,2
333ft,288,3
333ft,289,1
333ft,290,5
333ft,291,4
333ft,292,1
333ft,293,3
333ft,295,3
333ft,297,1
333ft,298,2
333ft,299,4
333ft,300,5
333ft,301,3
333ft,302,1
333ft,303,3
333ft,304,1
333ft,305,2
333ft,306,1
333ft,307,3
333ft,308,3
333ft,309,4
333ft,310,1
333ft,312,1
333ft,313,2
333ft,314,3
333ft,315,5
333ft,316,3
333ft,317,3
333ft,318,1
333ft,319,1
333ft,320,2
333ft,322,2
333ft,323,1
333ft,324,2
333ft,325,4
333ft,327,1
333ft,328,2
333ft,329,2
333ft,330,1
333ft,331,1
333ft,332,3
333ft,334,2
333ft,335,1
333ft,338,1
333ft,339,3
333ft,340,1
333ft,341,1
333ft,342,2
333ft,344,1
333ft,345,2
333ft,346,3
333ft,347,1
333ft,349,2
333ft,350,3
333ft,351,1
333ft,353,1
333ft,354,1
333ft,355,3
333ft,356,1
333ft,359,1
333ft,360,1
333ft,362,1
333ft,363,3
333ft,365,1
333ft,367,1
333ft,370,3
333ft,371,1
333ft,372,1
333ft,373,3
333ft,375,2
333ft,376,2
333ft,377,2
333ft,379,1
333ft,380,1
333ft,382,1
333ft,384,1
333ft,385,1
333ft,388,3
333ft,395,1
333ft,396,1
333ft,397,1
333ft,398,3
333ft,403,3
333ft,407,1
333ft,411,2
333ft,412,2
333ft,413,1
333ft,414,1
333ft,416,1
333ft,417,2
333ft,422,2
333ft,424,2
333ft,426,1
333ft,428,1
333ft,431,1
333ft,432,1
333ft,433,1
333ft,437,1
333ft,441,2
333ft,443,1
333ft,445,1
333ft,449,1
333ft,450,2
333ft,453,2
333ft,457,1
333ft,459,1
333ft,463,1
333ft,465,1
333ft,466,1
333ft,467,1
333ft,468,2
333ft,469,1
333ft,470,2
333ft,471,1
333ft,479,2
333ft,480,1
333ft,487,2
333ft,488,2
333ft,489,1
333ft,492,1
333ft,496,1
333ft,499,1
333ft,501,1
333ft,504,1
333ft,508,2
333ft,510,1
333ft,513,1
333ft,533,1
333ft,536,1
333ft,538,1
333ft,549,2
333ft,553,1
333ft,559,1
333ft,562,1
333ft,563,1
333ft,565,1
333ft,573,1
333ft,579,1
333ft,587,2
333ft,597,1
333ft,599,1
333ft,605,1
333ft,615,1
333ft,676,1
333ft,725,1
333ft,728,1
333ft,740,1
333ft,750,1
333ft,804,1
333ft,869,1
333ft,930,1
333ft,1073,1
333ft,2261,1
333mbf,51,1
333mbf,57,2
333mbf,58,1
333mbf,59,1
333mbf,60,1
333mbf,68,2
333mbf,69,1
333mbf,71,2
333mbf,72,1
333mbf,73,4
333mbf,74,8
333mbf,75,1
333mbf,76,10
333mbf,77,1
333mbf,78,6
333mbf,79,7
333mbf,80,8
333mbf,81,4
333mbf,82,10
333mbf,83,14
333mbf,84,19
333mbf,85,18
333mbf,86,27
333mbf,87,26
333mbf,88,35
333mbf,89,34
333mbf,90,40
333mbf,91,58
333mbf,92,61
333mbf,93,119
333mbf,94,98
333mbf,95,124
333mbf,96,247
333mbf,97,393
333mbf,98,188
333mbf,99,300
333oh,6,1
333oh,7,5
333oh,8,30
333oh,9,61
333oh,10,133
333oh,11,218
333oh,12,301
333oh,13,403
333oh,14,489
333oh,15,606
333oh,16,647
333oh,17,703
333oh,18,802
333oh,19,782
333oh,20,861
333oh,21,915
333oh,22,843
333oh,23,919
333oh,24,909
333oh,25,851
333oh,26,858
333oh,27,905
333oh,28,839
333oh,29,763
333oh,30,749
333oh,31,821
333oh,32,743
333oh,33,719
333oh,34,582
333oh,35,668
333oh,36,580
333oh,37,549
333oh,38,507
333oh,39,478
333oh,40,489
333oh,41,421
333oh,42,428
333oh,43,367
333oh,44,359
333oh,45,410
333oh,46,357
333oh,47,365
333oh,48,306
333oh,49,297
333oh,50,282
333oh,51,281
333oh,52,254
333oh,53,219
333oh,54,181
333oh,55,197
333oh,56,200
333oh,57,215
333oh,58,180
333oh,59,189
333oh,60,151
333oh,61,190
333oh,62,151
333oh,63,171
333oh,64,144
333oh,65,147
333oh,66,161
333oh,67,133
333oh,68,141
333oh,69,119
333oh,70,129
333oh,71,95
333oh,72,95
333oh,73,106
333oh,74,102
333oh,75,102
333oh,76,109
333oh,77,93
333oh,78,79
333oh,79,75
333oh,80,77
333oh,81,83
333oh,82,69
333oh,83,64
333oh,84,64
333oh,85,56
333oh,86,58
333oh,87,62
333oh,88,52
333oh,89,56
333oh,90,43
333oh,91,51
333oh,92,41
333oh,93,41
333oh,94,47
333oh,95,30
333oh,96,33
333oh,97,40
333oh,98,45
333oh,99,31
333oh,100,48
333oh,101,34
333oh,102,40
333oh,103,32
333oh,104,27
333oh,105,23
333oh,106,31
333oh,107,34
333oh,108,21
333oh,109,27
333oh,110,25
333oh,111,25
333oh,112,25
333oh,113,32
333oh,114,14
333oh,115,26
333oh,116,23
333oh,117,18
333oh,118,20
333oh,119,20
333oh,120,10
333oh,121,7
333oh,122,6
333oh,123,15
333oh,124,11
333oh,125,17
333oh,126,14
333oh,127,17
333oh,128,15
333oh,129,15
333oh,130,17
333oh,131,3
333oh,132,16
333oh,133,13
333oh,134,14
333oh,135,8
333oh,136,17
333oh,137,10
333oh,138,17
333oh,139,14
333oh,140,13
333oh,141,9
333oh,142,7
333oh,143,11
333oh,144,4
333oh,145,7
333oh,146,7
333oh,147,15
333oh,148,8
333oh,149,7
333oh,150,13
333oh,151,8
333oh,152,10
333oh,153,8
333oh,154,2
333oh,155,8
333oh,156,9
333oh,157,9
333oh,158,5
333oh,159,7
333oh,160,4
333oh,161,9
333oh,162,2
333oh,163,6
333oh,164,5
333oh,165,8
333oh,166,4
333oh,167,4
333oh,168,6
333oh,169,8
333oh,170,6
333oh,171,1
333oh,172,7
333oh,173,3
333oh,174,4
333oh,175,3
333oh,176,2
333oh,177,5
333oh,178,3
333oh,179,3
333oh,180,3
333oh,181,6
333oh,182,4
333oh,183,5
333oh,184,3
333oh,185,2
333oh,187,3
333oh,188,1
333oh,189,4
333oh,190,4
333oh,191,2
333oh,192,1
333oh,193,2
333oh,194,3
333oh,196,4
333oh,197,4
333oh,198,4
333oh,199,7
333oh,200,2
333oh,201,2
333oh,202,4
333oh,203,4
333oh,204,3
333oh,205,4
333oh,206,2
333oh,207,3
333oh,208,4
333oh,209,1
333oh,211,1
333oh,212,5
333oh,213,2
333oh,214,3
333oh,215,1
333oh,216,1
333oh,217,1
333oh,218,4
333oh,219,1
333oh,220,2
333oh,221,2
333oh,222,3
333oh,223,2
333oh,225,3
333oh,226,1
333oh,227,3
333oh,228,1
333oh,229,2
333oh,230,3
333oh,231,2
333oh,234,1
333oh,235,2
333oh,236,2
333oh,238,1
333oh,239,1
333oh,240,3
333oh,241,3
333oh,242,1
333oh,244,2
333oh,245,1
333oh,246,1
333oh,247,3
333oh,248,1
333oh,249,1
333oh,250,1
333oh,252,2
333oh,253,2
333oh,254,1
333oh,255,2
333oh,256,1
333oh,259,2
333oh,260,1
333oh,263,1
333oh,265,3
333oh,267,1
333oh,268,1
333oh,271,2
333oh,275,3
333oh,277,2
333oh,278,1
333oh,279,1
333oh,280,1
333oh,281,2
333oh,282,3
333oh,283,1
333oh,284,1
333oh,287,1
333oh,288,1
333oh,291,1
333oh,292,1
333oh,293,2
333oh,297,2
333oh,302,1
333oh,304,1
333oh,305,1
333oh,306,1
333oh,309,2
333oh,313,1
333oh,317,1
333oh,319,1
333oh,323,1
333oh,325,1
333oh,334,1
333oh,336,1
333oh,340,1
333oh,341,1
333oh,343,1
333oh,348,1
333oh,356,1
333oh,375,1
333oh,389,1
333oh,399,1
333oh,410,1
333oh,412,1
333oh,414,1
333oh,437,1
333oh,441,1
333oh,498,1
333oh,565,1
333oh,569,1
333oh,572,1
333oh,599,1
444,18,2
444,19,1
444,20,2
444,21,4
444,22,6
444,23,8
444,24,12
444,25,32
444,26,36
444,27,68
444,28,62
444,29,99
444,30,109
444,31,129
444,32,127
444,33,198
444,34,205
444,35,225
444,36,229
444,37,301
444,38,308
444,39,306
444,40,315
444,41,402
444,42,350
444,43,390
444,44,425
444,45,425
444,46,446
444,47,440
444,48,435
444,49,454
444,50,469
444,51,428
444,52,426
444,53,414
444,54,482
444,55,415
444,56,454
444,57,405
444,58,419
444,59,388
444,60,392
444,61,393
444,62,394
444,63,394
444,64,397
444,65,388
444,66,390
444,67,329
444,68,370
444,69,351
444,70,382
444,71,350
444,72,385
444,73,319
444,74,352
444,75,388
444,76,321
444,77,304
444,78,298
444,79,292
444,80,301
444,81,294
444,82,265
444,83,280
444,84,284
444,85,290
444,86,253
444,87,258
444,88,273
444,89,255
444,90,259
444,91,253
444,92,246
444,93,251
444,94,263
444,95,229
444,96,255
444,97,223
444,98,217
444,99,224
444,100,217
444,101,211
444,102,209
444,103,202
444,104,200
444,105,202
444,106,167
444,107,177
444,108,180
444,109,169
444,110,202
444,111,189
444,112,182
444,113,169
444,114,168
444,115,206
444,116,144
444,117,148
444,118,160
444,119,157
444,120,134
444,121,121
444,122,162
444,123,133
444,124,144
444,125,171
444,126,137
444,127,132
444,128,151
444,129,114
444,130,118
444,131,132
444,132,131
444,133,96
444,134,123
444,135,115
444,136,96
444,137,106
444,138,110
444,139,87
444,140,81
444,141,100
444,142,88
444,143,95
444,144,99
444,145,89
444,146,84
444,147,88
444,148,79
444,149,67
444,150,73
444,151,77
444,152,75
444,153,94
444,154,71
444,155,58
444,156,66
444,157,75
444,158,77
444,159,63
444,160,61
444,161,49
444,162,55
444,163,67
444,164,62
444,165,52
444,166,47
444,167,54
444,168,60
444,169,60
444,170,57
444,171,37
444,172,44
444,173,40
444,174,46
444,175,42
444,176,43
444,177,44
444,178,31
444,179,32
444,180,32
444,181,24
444,182,42
444,183,34
444,184,39
444,185,41
444,186,30
444,187,37
444,188,25
444,189,28
444,190,25
444,191,41
444,192,34
444,193,33
444,194,26
444,195,26
444,196,24
444,197,36
444,198,25
444,199,26
444,200,20
444,201,18
444,202,26
444,203,23
444,204,19
444,205,22
444,206,19
444,207,21
444,208,27
444,209,17
444,210,16
444,211,28
444,212,21
444,213,14
444,214,13
444,215,9
444,216,11
444,217,15
444,218,17
444,219,17
444,220,19
444,221,16
444,222,13
444,223,9
444,224,13
444,225,10
444,226,11
444,227,8
444,228,10
444,229,15
444,230,14
444,231,8
444,232,13
444,233,8
444,234,15
444,235,8
444,236,13
444,237,18
444,238,10
444,239,15
444,240,10
444,241,7
444,242,7
444,243,8
444,244,14
444,245,5
444,246,10
444,247,14
444,248,6
444,249,6
444,250,10
444,251,8
444,252,9
444,253,6
444,254,6
444,255,7
444,256,3
444,257,1
444,258,3
444,259,3
444,260,5
444,261,8
444,262,3
444,263,8
444,264,5
444,265,7
444,266,3
444,267,3
444,268,9
444,269,3
444,270,6
444,271,6
444,272,2
444,273,4
444,274,6
444,275,1
444,276,3
444,277,4
444,278,6
444,279,3
444,280,5
444,281,2
444,283,3
444,284,2
444,285,5
444,287,3
444,288,3
444,289,5
444,291,4
444,292,7
444,293,1
444,294,1
444,295,2
444,296,1
444,297,4
444,298,1
444,299,3
444,300,2
444,301,4
444,302,2
444,303,3
444,304,2
444,305,2
444,306,1
444,307,2
444,308,1
444,309,2
444,310,2
444,311,2
444,312,2
444,314,3
444,315,3
444,316,3
444,317,2
444,318,3
444,319,2
444,320,1
444,323,1
444,324,3
444,325,4
444,326,3
444,327,5
444,328,3
444,329,2
444,331,2
444,333,2
444,334,2
444,335,1
444,337,4
444,338,4
444,339,5
444,340,2
444,341,2
444,342,1
444,343,2
444,344,1
444,345,2
444,346,3
444,347,1
444,348,1
444,349,3
444,350,3
444,352,3
444,353,1
444,355,1
444,356,1
444,357,1
444,358,2
444,359,1
444,360,1
444,362,1
444,364,2
444,366,1
444,367,3
444,369,1
444,370,3
444,371,1
444,374,1
444,377,2
444,379,1
444,380,2
444,381,1
444,382,1
444,383,1
444,384,1
444,385,1
444,390,2
444,391,2
444,392,2
444,395,1
444,397,1
444,399,1
444,403,1
444,405,2
444,406,1
444,407,2
444,409,1
444,411,2
444,412,1
444,413,3
444,414,1
444,415,1
444,420,1
444,422,1
444,423,2
444,424,1
444,426,1
444,429,1
444,431,1
444,434,1
444,437,1
444,440,1
444,441,1
444,445,1
444,446,1
444,450,1
444,451,1
444,452,2
444,453,1
444,454,1
444,461,1
444,463,1
444,465,1
444,479,1
444,484,2
444,492,1
444,494,1
444,515,1
444,537,1
444,541,1
444,549,2
444,577,1
444,588,1
444,589,1
444,599,1
444,606,1
444,638,1
444bf,86,1
444bf,87,1
444bf,97,1
444bf,110,1
444bf,113,2
444bf,115,2
444bf,117,1
444bf,119,1
444bf,122,1
444bf,126,1
444bf,134,1
444bf,137,2
444bf,139,1
444bf,141,1
444bf,143,1
444bf,144,1
444bf,147,1
444bf,150,2
444bf,152,3
444bf,157,1
444bf,158,2
444bf,159,1
444bf,164,1
444bf,167,2
444bf,168,1
444bf,169,2
444bf,171,1
444bf,174,2
444bf,176,1
444bf,177,1
444bf,181,1
444bf,182,2
444bf,183,1
444bf,184,1
444bf,185,1
444bf,189,1
444bf,190,2
444bf,193,2
444bf,196,1
444bf,197,2
444bf,199,1
444bf,200,1
444bf,204,1
444bf,205,1
444bf,207,2
444bf,211,2
444bf,216,1
444bf,217,1
444bf,218,2
444bf,220,2
444bf,222,1
444bf,223,1
444bf,224,3
444bf,232,1
444bf,233,1
444bf,234,1
444bf,235,1
444bf,237,1
444bf,238,2
444bf,239,1
444bf,241,2
444bf,243,1
444bf,245,2
444bf,247,1
444bf,248,1
444bf,249,1
444bf,256,2
444bf,257,3
444bf,259,1
444bf,261,2
444bf,263,1
444bf,264,1
444bf,265,1
444bf,266,2
444bf,267,1
444bf,269,2
444bf,274,2
444bf,275,1
444bf,276,1
444bf,277,1
444bf,278,1
444bf,281,3
444bf,282,1
444bf,283,1
444bf,284,1
444bf,285,1
444bf,286,2
444bf,287,1
444bf,289,1
444bf,290,2
444bf,291,3
444bf,292,1
444bf,293,2
444bf,294,1
444bf,295,1
444bf,297,1
444bf,298,1
444bf,302,1
444bf,303,1
444bf,304,1
444bf,305,1
444bf,308,1
444bf,311,2
444bf,314,1
444bf,315,2
444bf,316,3
444bf,317,1
444bf,321,3
444bf,322,1
444bf,325,1
444bf,328,3
444bf,336,1
444bf,339,1
444bf,340,2
444bf,342,1
444bf,343,1
444bf,344,2
444bf,345,1
444bf,349,1
444bf,350,1
444bf,352,3
444bf,354,3
444bf,356,3
444bf,357,1
444bf,358,2
444bf,360,1
444bf,361,1
444bf,362,1
444bf,364,1
444bf,367,3
444bf,369,2
444bf,370,4
444bf,371,2
444bf,373,2
444bf,374,1
444bf,375,1
444bf,376,1
444bf,377,1
444bf,380,1
444bf,383,1
444bf,384,1
444bf,386,1
444bf,387,1
444bf,388,2
444bf,390,1
444bf,391,1
444bf,392,1
444bf,393,2
444bf,395,2
444bf,396,1
444bf,399,1
444bf,401,1
444bf,402,1
444bf,404,1
444bf,406,1
444bf,413,2
444bf,414,1
444bf,415,1
444bf,416,2
444bf,419,2
444bf,421,2
444bf,423,2
444bf,426,1
444bf,430,1
444bf,431,1
444bf,433,1
444bf,434,1
444bf,435,2
444bf,438,2
444bf,439,1
444bf,440,1
444bf,443,1
444bf,445,1
444bf,448,2
444bf,450,1
444bf,451,2
444bf,452,1
444bf,453,1
444bf,454,1
444bf,455,2
444bf,456,1
444bf,457,1
444bf,458,2
444bf,461,1
444bf,462,1
444bf,463,1
444bf,464,1
444bf,465,1
444bf,467,1
444bf,468,1
444bf,471,1
444bf,472,1
444bf,473,1
444bf,474,1
444bf,475,1
444bf,476,1
444bf,485,1
444bf,487,2
444bf,489,1
444bf,490,1
444bf,491,1
444bf,492,2
444bf,493,1
444bf,494,1
444bf,495,1
444bf,498,1
444bf,499,1
444bf,502,1
444bf,503,3
444bf,504,1
444bf,505,1
444bf,506,1
444bf,508,2
444bf,509,2
444bf,510,1
444bf,511,3
444bf,513,2
444bf,516,1
444bf,517,1
444bf,518,1
444bf,519,1
444bf,520,1
444bf,521,4
444bf,522,1
444bf,523,2
444bf,524,3
444bf,526,4
444bf,529,2
444bf,530,1
444bf,532,2
444bf,533,1
444bf,534,2
444bf,535,1
444bf,537,1
444bf,538,2
444bf,542,2
444bf,543,1
444bf,545,1
444bf,546,1
444bf,547,1
444bf,549,3
444bf,550,3
444bf,552,2
444bf,555,1
444bf,558,1
444bf,560,2
444bf,561,1
444bf,563,2
444bf,564,1
444bf,566,1
444bf,568,1
444bf,569,2
444bf,572,1
444bf,573,2
444bf,574,1
444bf,575,1
444bf,576,1
444bf,577,1
444bf,578,1
444bf,582,3
444bf,584,2
444bf,585,1
444bf,587,1
444bf,588,3
444bf,589,1
444bf,592,1
444bf,594,1
444bf,596,2
444bf,597,1
444bf,601,1
444bf,602,1
444bf,605,1
444bf,609,1
444bf,610,1
444bf,612,1
444bf,615,2
444bf,618,2
444bf,619,2
444bf,620,1
444bf,621,1
444bf,625,1
444bf,626,1
444bf,627,2
444bf,628,1
444bf,629,1
444bf,630,3
444bf,631,1
444bf,632,1
444bf,636,1
444bf,637,2
444bf,638,1
444bf,641,3
444bf,643,1
444bf,645,1
444bf,651,1
444bf,653,1
444bf,654,2
444bf,655,2
444bf,658,2
444bf,661,1
444bf,662,1
444bf,664,1
444bf,668,1
444bf,669,1
444bf,670,1
444bf,671,2
444bf,672,1
444bf,673,1
444bf,674,1
444bf,676,2
444bf,677,1
444bf,678,1
444bf,681,1
444bf,683,1
444bf,684,1
444bf,688,1
444bf,690,1
444bf,691,2
444bf,692,3
444bf,696,1
444bf,697,1
444bf,698,1
444bf,699,1
444bf,701,4
444bf,704,2
444bf,705,1
444bf,706,1
444bf,709,1
444bf,711,1
444bf,714,1
444bf,716,1
444bf,717,1
444bf,718,1
444bf,719,1
444bf,721,1
444bf,722,3
444bf,723,1
444bf,724,1
444bf,727,1
444bf,728,1
444bf,731,1
444bf,732,1
444bf,734,1
444bf,735,2
444bf,736,1
444bf,739,1
444bf,742,1
444bf,745,1
444bf,747,1
444bf,748,1
444bf,749,2
444bf,750,1
444bf,751,1
444bf,752,2
444bf,753,2
444bf,756,1
444bf,758,1
444bf,759,1
444bf,761,1
444bf,762,1
444bf,765,1
444bf,766,1
444bf,767,2
444bf,769,2
444bf,770,1
444bf,772,1
444bf,773,1
444bf,774,1
444bf,778,2
444bf,780,3
444bf,782,1
444bf,783,1
444bf,792,3
444bf,794,1
444bf,796,1
444bf,797,3
444bf,799,1
444bf,800,1
444bf,802,1
444bf,804,1
444bf,807,1
444bf,808,1
444bf,809,1
444bf,810,1
444bf,811,1
444bf,813,2
444bf,814,1
444bf,816,1
444bf,817,1
444bf,819,3
444bf,821,2
444bf,822,2
444bf,827,1
444bf,829,1
444bf,830,3
444bf,837,3
444bf,838,1
444bf,840,1
444bf,847,1
444bf,848,1
444bf,849,1
444bf,854,2
444bf,855,1
444bf,858,1
444bf,862,2
444bf,863,1
444bf,864,1
444bf,865,1
444bf,868,2
444bf,869,2
444bf,871,1
444bf,874,1
444bf,877,2
444bf,884,1
444bf,887,1
444bf,890,1
444bf,892,3
444bf,901,2
444bf,903,1
444bf,906,1
444bf,908,1
444bf,911,1
444bf,913,1
444bf,914,2
444bf,917,1
444bf,918,1
444bf,920,1
444bf,921,1
444bf,923,1
444bf,928,2
444bf,931,1
444bf,933,1
444bf,936,2
444bf,937,1
444bf,940,1
444bf,943,1
444bf,944,1
444bf,947,1
444bf,958,1
444bf,961,1
444bf,963,1
444bf,964,1
444bf,970,2
444bf,974,1
444bf,978,1
444bf,989,1
444bf,991,1
444bf,995,1
444bf,1009,1
444bf,1010,1
444bf,1011,3
444bf,1014,1
444bf,1018,1
444bf,1026,1
444bf,1028,1
444bf,1031,1
444bf,1037,1
444bf,1041,1
444bf,1043,1
444bf,1046,1
444bf,1049,1
444bf,1051,3
444bf,1054,1
444bf,1055,1
444bf,1063,1
444bf,1065,2
444bf,1067,2
444bf,1068,1
444bf,1070,1
444bf,1074,1
444bf,1082,1
444bf,1085,1
444bf,1086,1
444bf,1087,2
444bf,1089,1
444bf,1093,1
444bf,1095,1
444bf,1104,2
444bf,1105,1
444bf,1108,1
444bf,1119,1
444bf,1120,1
444bf,1125,1
444bf,1128,1
444bf,1132,1
444bf,1137,1
444bf,1141,1
444bf,1145,1
444bf,1147,1
444bf,1151,1
444bf,1153,1
444bf,1164,1
444bf,1167,1
444bf,1170,1
444bf,1172,1
444bf,1178,1
444bf,1180,1
444bf,1185,1
444bf,1187,1
444bf,1190,1
444bf,1191,1
444bf,1193,1
444bf,1195,1
444bf,1196,1
444bf,1212,1
444bf,1215,1
444bf,1217,1
444bf,1227,1
444bf,1233,1
444bf,1237,1
444bf,1246,2
444bf,1277,1
444bf,1280,1
444bf,1284,2
444bf,1285,1
444bf,1289,1
444bf,1294,1
444bf,1295,1
444bf,1299,1
444bf,1301,2
444bf,1312,1
444bf,1323,1
444bf,1327,1
444bf,1344,1
444bf,1347,1
444bf,1354,1
444bf,1356,1
444bf,1358,2
444bf,1361,1
444bf,1369,1
444bf,1378,1
444bf,1380,1
444bf,1384,1
444bf,1388,1
444bf,1392,1
444bf,1401,1
444bf,1406,1
444bf,1407,1
444bf,1418,1
444bf,1420,1
444bf,1444,1
444bf,1457,1
444bf,1459,2
444bf,1466,1
444bf,1469,1
444bf,1472,1
444bf,1485,1
444bf,1486,1
444bf,1489,1
444bf,1500,1
444bf,1517,1
444bf,1555,1
444bf,1557,1
444bf,1588,1
444bf,1612,1
444bf,1614,1
444bf,1648,1
444bf,1669,1
444bf,1698,1
444bf,1700,1
444bf,1709,1
444bf,1712,1
444bf,1715,1
444bf,1806,1
444bf,1821,1
444bf,1834,1
444bf,1873,1
444bf,1879,1
444bf,1901,1
444bf,1907,1
444bf,1948,1
444bf,1971,1
444bf,1980,1
444bf,2132,1
444bf,2175,1
444bf,2176,1
444bf,2193,1
444bf,2204,1
444bf,2338,1
444bf,2363,1
444bf,2414,1
444bf,2445,1
555,37,2
555,41,1
555,42,3
555,43,4
555,44,1
555,45,2
555,46,6
555,47,2
555,48,6
555,49,5
555,50,13
555,51,12
555,52,29
555,53,18
555,54,26
555,55,26
555,56,23
555,57,21
555,58,35
555,59,43
555,60,43
555,61,38
555,62,37
555,63,52
555,64,61
555,65,56
555,66,67
555,67,69
555,68,61
555,69,77
555,70,78
555,71,89
555,72,83
555,73,76
555,74,84
555,75,115
555,76,107
555,77,99
555,78,112
555,79,97
555,80,106
555,81,123
555,82,121
555,83,114
555,84,122
555,85,119
555,86,114
555,87,123
555,88,119
555,89,149
555,90,135
555,91,145
555,92,153
555,93,142
555,94,117
555,95,135
555,96,148
555,97,145
555,98,157
555,99,130
555,100,138
555,101,137
555,102,130
555,103,134
555,104,140
555,105,141
555,106,118
555,107,136
555,108,119
555,109,140
555,110,128
555,111,158
555,112,117
555,113,123
555,114,121
555,115,147
555,116,109
555,117,143
555,118,113
555,119,105
555,120,120
555,121,109
555,122,131
555,123,126
555,124,132
555,125,120
555,126,123
555,127,115
555,128,112
555,129,97
555,130,111
555,131,105
555,132,110
555,133,100
555,134,102
555,135,100
555,136,112
555,137,104
555,138,101
555,139,100
555,140,94
555,141,87
555,142,93
555,143,88
555,144,71
555,145,91
555,146,82
555,147,83
555,148,90
555,149,97
555,150,95
555,151,93
555,152,99
555,153,89
555,154,75
555,155,71
555,156,100
555,157,89
555,158,77
555,159,92
555,160,79
555,161,86
555,162,66
555,163,77
555,164,91
555,165,89
555,166,63
555,167,75
555,168,57
555,169,68
555,170,64
555,171,56
555,172,63
555,173,50
555,174,52
555,175,61
555,176,47
555,177,55
555,178,61
555,179,52
555,180,48
555,181,62
555,182,63
555,183,64
555,184,59
555,185,55
555,186,47
555,187,53
555,188,72
555,189,42
555,190,64
555,191,48
555,192,60
555,193,50
555,194,49
555,195,54
555,196,46
555,197,40
555,198,50
555,199,46
555,200,37
555,201,34
555,202,37
555,203,45
555,204,41
555,205,39
555,206,38
555,207,55
555,208,37
555,209,35
555,210,45
555,211,33
555,212,36
555,213,39
555,214,35
555,215,30
555,216,47
555,217,29
555,218,31
555,219,34
555,220,40
555,221,32
555,222,34
555,223,27
555,224,29
555,225,42
555,226,37
555,227,35
555,228,30
555,229,23
555,230,29
555,231,36
555,232,29
555,233,40
555,234,17
555,235,26
555,236,31
555,237,29
555,238,21
555,239,23
555,240,20
555,241,31
555,242,21
555,243,22
555,244,18
555,245,21
555,246,24
555,247,12
555,248,15
555,249,25
555,250,21
555,251,21
555,252,17
555,253,10
555,254,18
555,255,27
555,256,23
555,257,20
555,258,15
555,259,22
555,260,26
555,261,16
555,262,24
555,263,17
555,264,10
555,265,24
555,266,15
555,267,15
555,268,16
555,269,26
555,270,15
555,271,12
555,272,13
555,273,12
555,274,17
555,275,21
555,276,17
555,277,15
555,278,13
555,279,25
555,280,16
555,281,13
555,282,15
555,283,15
555,284,19
555,285,10
555,286,12
555,287,12
555,288,11
555,289,15
555,290,7
555,291,13
555,292,12
555,293,9
555,294,11
555,295,10
555,296,11
555,297,10
555,298,15
555,299,8
555,300,8
555,301,8
555,302,6
555,303,4
555,304,8
555,305,13
555,306,8
555,307,9
555,308,10
555,309,11
555,310,8
555,311,8
555,312,6
555,313,9
555,314,11
555,315,8
555,316,3
555,317,6
555,318,8
555,319,16
555,320,12
555,321,9
555,322,12
555,323,6
555,324,9
555,325,9
555,326,6
555,327,7
555,328,6
555,329,9
555,330,10
555,331,3
555,332,8
555,333,6
555,334,2
555,335,6
555,336,5
555,337,6
555,338,9
555,339,4
555,340,5
555,341,7
555,342,7
555,343,9
555,344,4
555,345,4
555,346,3
555,347,3
555,348,2
555,349,9
555,350,7
555,351,6
555,352,4
555,353,4
555,354,5
555,355,5
555,356,7
555,357,4
555,358,2
555,359,10
555,360,3
555,361,5
555,362,3
555,363,7
555,364,6
555,365,3
555,366,2
555,367,4
555,368,4
555,369,5
555,370,1
555,371,5
555,372,6
555,373,2
555,374,8
555,375,4
555,376,4
555,377,6
555,378,2
555,379,5
555,380,4
555,381,6
555,382,2
555,383,6
555,384,2
555,385,4
555,386,2
555,387,4
555,388,3
555,389,3
555,390,4
555,391,4
555,392,3
555,393,4
555,394,6
555,395,3
555,396,1
555,397,3
555,398,2
555,399,5
555,400,2
555,401,3
555,402,5
555,403,2
555,404,2
555,405,1
555,406,1
555,407,3
555,408,1
555,409,2
555,410,2
555,411,1
555,412,1
555,413,2
555,414,3
555,415,3
555,417,3
555,418,1
555,419,3
555,420,2
555,422,5
555,423,3
555,426,1
555,427,3
555,428,1
555,429,3
555,430,2
555,431,2
555,432,3
555,434,1
555,435,2
555,436,2
555,437,2
555,438,3
555,439,1
555,440,2
555,441,3
555,442,3
555,443,3
555,445,2
555,447,3
555,448,1
555,449,2
555,450,3
555,451,2
555,452,2
555,453,1
555,454,1
555,455,2
555,457,1
555,458,2
555,460,1
555,462,1
555,466,2
555,467,2
555,470,2
555,471,1
555,472,3
555,474,1
555,475,2
555,476,1
555,477,2
555,480,1
555,481,2
555,482,2
555,484,2
555,486,1
555,487,1
555,488,2
555,489,2
555,490,2
555,491,1
555,492,1
555,493,2
555,494,1
555,496,5
555,498,1
555,499,2
555,500,2
555,509,1
555,515,1
555,516,2
555,517,1
555,518,2
555,521,1
555,526,2
555,528,2
555,530,2
555,534,1
555,538,2
555,539,1
555,542,1
555,544,1
555,545,1
555,547,1
555,548,1
555,549,1
555,553,1
555,559,1
555,561,1
555,562,1
555,563,1
555,564,1
555,570,2
555,571,1
555,572,1
555,573,1
555,575,1
555,578,1
555,580,1
555,582,1
555,589,1
555,590,1
555,592,1
555,594,1
555,607,1
555,615,1
555,624,1
555,637,1
555,665,1
555,684,1
555,696,1
555,705,1
555,777,1
555,792,1
555,816,1
555,817,1
555,836,2
555,928,1
555,1071,1
555,1122,1
555,1128,1
555bf,181,1
555bf,222,1
555bf,226,1
555bf,237,1
555bf,247,1
555bf,251,1
555bf,258,1
555bf,270,1
555bf,297,1
555bf,301,1
555bf,312,2
555bf,318,1
555bf,331,1
555bf,343,1
555bf,346,1
555bf,350,1
555bf,351,1
555bf,357,1
555bf,361,1
555bf,366,1
555bf,367,1
555bf,379,1
555bf,382,1
555bf,384,1
555bf,397,1
555bf,401,1
555bf,405,1
555bf,407,1
555bf,412,1
555bf,417,1
555bf,424,2
555bf,425,1
555bf,426,1
555bf,427,1
555bf,440,1
555bf,445,1
555bf,448,1
555bf,456,1
555bf,468,1
555bf,471,1
555bf,472,1
555bf,488,1
555bf,506,1
555bf,507,1
555bf,508,1
555bf,514,1
555bf,523,1
555bf,527,1
555bf,529,1
555bf,536,1
555bf,538,1
555bf,539,1
555bf,547,1
555bf,555,1
555bf,558,1
555bf,564,1
555bf,565,1
555bf,573,1
555bf,575,1
555bf,588,1
555bf,590,3
555bf,591,1
555bf,592,1
555bf,593,1
555bf,597,1
555bf,601,1
555bf,611,1
555bf,613,2
555bf,619,1
555bf,620,1
555bf,623,1
555bf,634,1
555bf,637,2
555bf,640,1
555bf,644,1
555bf,646,1
555bf,655,1
555bf,661,1
555bf,665,1
555bf,668,1
555bf,669,1
555bf,682,2
555bf,684,1
555bf,693,1
555bf,695,1
555bf,697,2
555bf,698,1
555bf,702,1
555bf,706,1
555bf,716,2
555bf,717,1
555bf,723,1
555bf,724,1
555bf,727,1
555bf,732,1
555bf,738,1
555bf,740,1
555bf,745,1
555bf,750,1
555bf,753,1
555bf,766,2
555bf,769,1
555bf,779,1
555bf,780,2
555bf,789,1
555bf,800,2
555bf,803,1
555bf,804,1
555bf,805,1
555bf,806,1
555bf,808,1
555bf,809,1
555bf,827,1
555bf,829,1
555bf,830,1
555bf,837,1
555bf,845,1
555bf,847,1
555bf,851,1
555bf,857,1
555bf,864,1
555bf,870,1
555bf,871,1
555bf,876,1
555bf,877,1
555bf,878,1
555bf,884,1
555bf,887,1
555bf,898,1
555bf,901,1
555bf,902,1
555bf,910,1
555bf,912,1
555bf,922,1
555bf,926,1
555bf,929,1
555bf,930,1
555bf,942,1
555bf,949,1
555bf,951,1
555bf,956,1
555bf,957,1
555bf,965,1
555bf,976,1
555bf,977,1
555bf,989,1
555bf,996,1
555bf,998,1
555bf,1017,1
555bf,1019,1
555bf,1024,1
555bf,1027,1
555bf,1033,1
555bf,1035,1
555bf,1040,1
555bf,1044,1
555bf,1046,2
555bf,1048,1
555bf,1050,1
555bf,1052,1
555bf,1053,1
555bf,1060,1
555bf,1065,2
555bf,1072,1
555bf,1076,1
555bf,1085,1
555bf,1098,2
555bf,1102,1
555bf,1105,1
555bf,1114,1
555bf,1117,1
555bf,1118,2
555bf,1119,1
555bf,1123,1
555bf,1125,1
555bf,1126,1
555bf,1135,1
555bf,1138,2
555bf,1145,1
555bf,1147,1
555bf,1160,2
555bf,1166,1
555bf,1169,1
555bf,1173,1
555bf,1175,1
555bf,1177,1
555bf,1180,1
555bf,1182,1
555bf,1192,1
555bf,1195,1
555bf,1199,1
555bf,1206,1
555bf,1222,1
555bf,1226,1
555bf,1232,1
555bf,1238,1
555bf,1243,1
555bf,1245,1
555bf,1256,1
555bf,1257,1
555bf,1264,1
555bf,1293,1
555bf,1301,1
555bf,1307,1
555bf,1308,1
555bf,1309,1
555bf,1311,2
555bf,1317,1
555bf,1325,1
555bf,1327,1
555bf,1332,2
555bf,1333,1
555bf,1335,1
555bf,1339,1
555bf,1349,1
555bf,1365,1
555bf,1367,1
555bf,1368,1
555bf,1374,1
555bf,1377,1
555bf,1382,1
555bf,1389,1
555bf,1393,3
555bf,1399,1
555bf,1404,1
555bf,1406,1
555bf,1413,1
555bf,1414,1
555bf,1444,1
555bf,1448,1
555bf,1450,1
555bf,1452,1
555bf,1455,1
555bf,1457,1
555bf,1465,1
555bf,1470,1
555bf,1471,1
555bf,1474,1
555bf,1480,1
555bf,1494,1
555bf,1497,1
555bf,1499,1
555bf,1501,1
555bf,1512,1
555bf,1521,1
555bf,1524,2
555bf,1528,1
555bf,1534,1
555bf,1543,1
555bf,1547,1
555bf,1552,1
555bf,1553,1
555bf,1556,1
555bf,1558,1
555bf,1570,1
555bf,1575,1
555bf,1579,1
555bf,1595,1
555bf,1625,1
555bf,1628,1
555bf,1635,1
555bf,1646,1
555bf,1647,1
555bf,1650,1
555bf,1663,1
555bf,1664,2
555bf,1668,1
555bf,1675,1
555bf,1677,1
555bf,1679,1
555bf,1681,1
555bf,1682,1
555bf,1684,1
555bf,1685,1
555bf,1688,1
555bf,1692,1
555bf,1699,1
555bf,1703,1
555bf,1709,1
555bf,1711,1
555bf,1714,1
555bf,1719,1
555bf,1720,1
555bf,1721,1
555bf,1723,1
555bf,1727,1
555bf,1736,1
555bf,1752,1
555bf,1759,1
555bf,1768,1
555bf,1773,1
555bf,1775,1
555bf,1790,1
555bf,1796,1
555bf,1803,1
555bf,1804,1
555bf,1806,1
555bf,1827,1
555bf,1831,1
555bf,1837,1
555bf,1846,1
555bf,1862,2
555bf,1867,1
555bf,1873,1
555bf,1884,1
555bf,1891,1
555bf,1903,2
555bf,1909,1
555bf,1912,1
555bf,1917,1
555bf,1949,1
555bf,1951,1
555bf,1964,1
555bf,1965,1
555bf,1975,1
555bf,1993,1
555bf,1994,1
555bf,2001,1
555bf,2004,1
555bf,2018,1
555bf,2034,1
555bf,2040,1
555bf,2043,1
555bf,2080,1
555bf,2094,1
555bf,2097,1
555bf,2103,1
555bf,2107,1
555bf,2108,1
555bf,2112,1
555bf,2135,1
555bf,2143,1
555bf,2159,1
555bf,2172,1
555bf,2188,1
555bf,2193,1
555bf,2228,1
555bf,2239,1
555bf,2240,1
555bf,2271,1
555bf,2287,1
555bf,2317,1
555bf,2321,1
555bf,2338,2
555bf,2370,1
555bf,2372,1
555bf,2385,1
555bf,2388,2
555bf,2390,1
555bf,2458,1
555bf,2460,1
555bf,2472,1
555bf,2486,1
555bf,2521,1
555bf,2559,1
555bf,2563,1
555bf,2572,1
555bf,2661,1
555bf,2686,1
555bf,2689,1
555bf,2703,1
555bf,2714,1
555bf,2717,1
555bf,2735,1
555bf,2739,1
555bf,2845,1
555bf,2874,1
555bf,2890,1
555bf,2926,1
555bf,2947,1
555bf,2948,1
555bf,3020,1
555bf,3126,1
555bf,3154,1
555bf,3339,1
555bf,3704,1
555bf,3793,1
555bf,3858,1
555bf,9276,1
666,73,1
666,78,1
666,80,1
666,84,2
666,88,1
666,89,3
666,90,2
666,92,7
666,93,6
666,94,5
666,96,4
666,97,7
666,98,5
666,99,5
666,100,3
666,101,1
666,102,6
666,103,3
666,104,7
666,105,5
666,106,10
666,107,4
666,108,7
666,109,8
666,110,11
666,111,15
666,112,9
666,113,8
666,114,17
666,115,9
666,116,18
666,117,13
666,118,12
666,119,15
666,120,9
666,121,16
666,122,17
666,123,12
666,124,15
666,125,14
666,126,17
666,127,12
666,128,17
666,129,22
666,130,23
666,131,17
666,132,21
666,133,19
666,134,21
666,135,30
666,136,25
666,137,20
666,138,17
666,139,26
666,140,24
666,141,22
666,142,25
666,143,26
666,144,28
666,145,29
666,146,17
666,147,29
666,148,21
666,149,19
666,150,38
666,151,33
666,152,29
666,153,21
666,154,34
666,155,26
666,156,22
666,157,26
666,158,21
666,159,32
666,160,28
666,161,34
666,162,32
666,163,44
666,164,32
666,165,36
666,166,27
666,167,31
666,168,25
666,169,32
666,170,28
666,171,20
666,172,29
666,173,20
666,174,29
666,175,34
666,176,35
666,177,25
666,178,33
666,179,28
666,180,33
666,181,35
666,182,40
666,183,27
666,184,29
666,185,29
666,186,26
666,187,34
666,188,28
666,189,31
666,190,41
666,191,35
666,192,40
666,193,39
666,194,32
666,195,27
666,196,35
666,197,36
666,198,46
666,199,35
666,200,28
666,201,32
666,202,32
666,203,37
666,204,33
666,205,39
666,206,27
666,207,28
666,208,20
666,209,32
666,210,36
666,211,37
666,212,26
666,213,22
666,214,24
666,215,33
666,216,25
666,217,34
666,218,26
666,219,26
666,220,27
666,221,33
666,222,27
666,223,26
666,224,19
666,225,20
666,226,24
666,227,27
666,228,29
666,229,22
666,230,23
666,231,18
666,232,21
666,233,23
666,234,26
666,235,26
666,236,29
666,237,21
666,238,33
666,239,25
666,240,17
666,241,23
666,242,29
666,243,30
666,244,16
666,245,28
666,246,18
666,247,26
666,248,20
666,249,27
666,250,24
666,251,28
666,252,17
666,253,25
666,254,21
666,255,19
666,256,19
666,257,21
666,258,38
666,259,22
666,260,24
666,261,16
666,262,24
666,263,30
666,264,27
666,265,26
666,266,16
666,267,19
666,268,19
666,269,18
666,270,15
666,271,16
666,272,21
666,273,19
666,274,23
666,275,21
666,276,24
666,277,20
666,278,18
666,279,24
666,280,14
666,281,24
666,282,17
666,283,21
666,284,14
666,285,14
666,286,10
666,287,17
666,288,27
666,289,15
666,290,13
666,291,15
666,292,12
666,293,16
666,294,14
666,295,19
666,296,11
666,297,16
666,298,11
666,299,17
666,300,11
666,301,9
666,302,13
666,303,15
666,304,14
666,305,16
666,306,15
666,307,14
666,308,14
666,309,9
666,310,11
666,311,9
666,312,14
666,313,14
666,314,17
666,315,17
666,316,22
666,317,13
666,318,13
666,319,11
666,320,11
666,321,14
666,322,14
666,323,12
666,324,15
666,325,14
666,326,7
666,327,13
666,328,10
666,329,10
666,330,8
666,331,10
666,332,15
666,333,14
666,334,6
666,335,8
666,336,12
666,337,8
666,338,4
666,339,12
666,340,8
666,341,8
666,342,10
666,343,8
666,344,14
666,345,6
666,346,6
666,347,11
666,348,9
666,349,14
666,350,7
666,351,8
666,352,14
666,353,12
666,354,11
666,355,8
666,356,10
666,357,9
666,358,4
666,359,12
666,360,6
666,361,7
666,362,3
666,363,6
666,364,9
666,365,14
666,366,8
666,367,11
666,368,9
666,369,10
666,370,5
666,371,4
666,372,8
666,373,8
666,374,7
666,375,10
666,376,5
666,377,4
666,378,3
666,379,7
666,380,3
666,381,8
666,382,10
666,383,6
666,384,4
666,385,7
666,386,6
666,387,4
666,388,7
666,389,7
666,390,7
666,391,10
666,392,6
666,393,6
666,394,6
666,395,5
666,396,3
666,397,5
666,398,7
666,399,9
666,400,4
666,401,6
666,402,4
666,403,5
666,404,4
666,405,4
666,406,5
666,407,3
666,408,3
666,409,5
666,410,1
666,411,2
666,412,8
666,413,5
666,414,3
666,415,4
666,416,3
666,417,6
666,418,3
666,419,5
666,420,3
666,422,1
666,423,5
666,424,7
666,425,2
666,426,3
666,427,4
666,428,3
666,429,2
666,430,4
666,431,1
666,433,1
666,434,3
666,435,1
666,436,6
666,437,2
666,438,4
666,439,2
666,440,2
666,441,1
666,442,5
666,443,2
666,444,3
666,445,3
666,446,4
666,448,3
666,449,2
666,450,3
666,451,3
666,452,1
666,453,2
666,454,2
666,455,2
666,456,3
666,457,2
666,458,3
666,459,4
666,460,2
666,461,5
666,463,4
666,464,3
666,466,3
666,467,2
666,468,4
666,469,5
666,470,5
666,471,2
666,472,4
666,473,1
666,474,3
666,475,3
666,476,1
666,478,1
666,480,2
666,482,4
666,483,3
666,484,3
666,486,3
666,488,1
666,489,3
666,490,3
666,491,1
666,493,2
666,494,1
666,495,3
666,496,2
666,497,4
666,498,2
666,501,1
666,502,2
666,503,4
666,505,3
666,506,1
666,508,1
666,509,2
666,510,3
666,511,3
666,512,1
666,513,3
666,514,2
666,515,2
666,516,2
666,523,3
666,525,1
666,527,1
666,528,3
666,530,1
666,532,3
666,533,1
666,534,2
666,536,2
666,537,3
666,538,1
666,540,1
666,541,2
666,543,3
666,544,1
666,545,1
666,546,2
666,547,2
666,549,1
666,550,1
666,551,1
666,553,3
666,554,1
666,556,2
666,559,1
666,560,1
666,567,1
666,568,1
666,570,1
666,571,1
666,573,2
666,577,1
666,579,1
666,580,3
666,582,1
666,586,2
666,589,2
666,590,2
666,591,2
666,592,1
666,594,1
666,595,1
666,599,1
666,608,1
666,610,1
666,616,1
666,620,1
666,631,1
666,632,1
666,636,1
666,649,1
666,651,1
666,654,1
666,663,1
666,668,1
666,673,1
666,694,1
666,702,1
666,706,1
666,739,1
666,752,1
666,757,1
666,761,1
666,762,1
666,772,1
666,783,1
666,785,1
666,802,1
666,815,1
666,839,1
666,904,1
666,968,1
666,1105,1
666,1152,1
666,1160,1
666,1343,1
666,1589,1
777,107,1
777,113,1
777,117,1
777,122,1
777,126,1
777,127,1
777,128,2
777,129,1
777,130,1
777,132,3
777,134,1
777,135,3
777,138,1
777,140,1
777,141,2
777,143,2
777,144,2
777,145,3
777,146,4
777,147,3
777,149,2
777,150,3
777,151,5
777,152,6
777,153,4
777,154,3
777,155,2
777,156,11
777,157,2
777,158,2
777,159,7
777,160,5
777,161,6
777,162,6
777,163,7
777,164,2
777,165,7
777,166,6
777,167,3
777,168,4
777,169,4
777,170,10
777,171,9
777,172,13
777,173,7
777,174,8
777,175,3
777,176,4
777,177,4
777,178,8
777,179,5
777,180,6
777,181,13
777,182,6
777,183,9
777,184,11
777,185,6
777,186,4
777,187,7
777,188,6
777,189,12
777,190,9
777,191,13
777,192,19
777,193,10
777,194,11
777,195,8
777,196,13
777,197,5
777,198,15
777,199,10
777,200,7
777,201,9
777,202,11
777,203,14
777,204,14
777,205,9
777,206,19
777,207,11
777,208,11
777,209,9
777,210,11
777,211,21
777,212,8
777,213,20
777,214,15
777,215,15
777,216,9
777,217,20
777,218,19
777,219,18
777,220,11
777,221,18
777,222,11
777,223,14
777,224,19
777,225,13
777,226,22
777,227,13
777,228,12
777,229,11
777,230,21
777,231,12
777,232,9
777,233,17
777,234,19
777,235,16
777,236,10
777,237,16
777,238,20
777,239,24
777,240,11
777,241,19
777,242,16
777,243,18
777,244,20
777,245,15
777,246,17
777,247,14
777,248,12
777,249,18
777,250,23
777,251,17
777,252,18
777,253,20
777,254,14
777,255,20
777,256,13
777,257,17
777,258,27
777,259,23
777,260,17
777,261,18
777,262,18
777,263,19
777,264,17
777,265,20
777,266,15
777,267,13
777,268,13
777,269,12
777,270,9
777,271,21
777,272,17
777,273,14
777,274,18
777,275,17
777,276,15
777,277,18
777,278,16
777,279,14
777,280,13
777,281,8
777,282,23
777,283,21
777,284,18
777,285,14
777,286,9
777,287,12
777,288,7
777,289,13
777,290,13
777,291,27
777,292,14
777,293,30
777,294,16
777,295,10
777,296,11
777,297,13
777,298,13
777,299,14
777,300,17
777,301,19
777,302,14
777,303,22
777,304,20
777,305,24
777,306,16
777,307,23
777,308,17
777,309,19
777,310,20
777,311,20
777,312,18
777,313,28
777,314,19
777,315,16
777,316,11
777,317,16
777,318,21
777,319,20
777,320,13
777,321,16
777,322,13
777,323,25
777,324,12
777,325,15
777,326,11
777,327,12
777,328,12
777,329,14
777,330,12
777,331,25
777,332,11
777,333,14
777,334,17
777,335,21
777,336,24
777,337,11
777,338,12
777,339,18
777,340,17
777,341,10
777,342,16
777,343,19
777,344,15
777,345,14
777,346,12
777,347,14
777,348,17
777,349,14
777,350,8
777,351,16
777,352,17
777,353,15
777,354,12
777,355,14
777,356,10
777,357,17
777,358,18
777,359,17
777,360,13
777,361,12
777,362,13
777,363,21
777,364,10
777,365,10
777,366,17
777,367,19
777,368,6
777,369,11
777,370,15
777,371,15
777,372,15
777,373,10
777,374,11
777,375,14
777,376,15
777,377,12
777,378,15
777,379,12
777,380,10
777,381,8
777,382,13
777,383,9
777,384,13
777,385,15
777,386,13
777,387,13
777,388,14
777,389,17
777,390,13
777,391,18
777,392,7
777,393,8
777,394,15
777,395,16
777,396,20
777,397,15
777,398,3
777,399,11
777,400,14
777,401,12
777,402,25
777,403,7
777,404,8
777,405,13
777,406,15
777,407,13
777,408,12
777,409,9
777,410,11
777,411,12
777,412,15
777,413,14
777,414,8
777,415,8
777,416,13
777,417,14
777,418,8
777,419,11
777,420,10
777,421,8
777,422,9
777,423,5
777,424,15
777,425,8
777,426,12
777,427,11
777,428,18
777,429,11
777,430,11
777,431,7
777,432,8
777,433,6
777,434,7
777,435,7
777,436,5
777,437,5
777,438,12
777,439,13
777,440,12
777,441,13
777,442,5
777,443,9
777,444,4
777,445,13
777,446,9
777,447,10
777,448,12
777,449,13
777,450,7
777,451,5
777,452,9
777,453,9
777,454,8
777,455,9
777,456,6
777,457,10
777,458,5
777,459,9
777,460,12
777,461,4
777,462,9
777,463,5
777,464,6
777,465,8
777,466,8
777,467,12
777,468,12
777,469,9
777,470,9
777,471,7
777,472,9
777,473,5
777,474,4
777,475,9
777,476,7
777,477,6
777,478,7
777,479,8
777,480,2
777,481,2
777,482,6
777,483,11
777,484,4
777,485,8
777,486,13
777,487,6
777,488,4
777,489,7
777,490,6
777,491,6
777,492,10
777,493,5
777,494,8
777,495,6
777,496,7
777,497,5
777,498,4
777,499,2
777,500,11
777,501,8
777,502,1
777,503,5
777,504,8
777,505,8
777,506,11
777,507,8
777,508,10
777,509,9
777,510,7
777,511,8
777,512,6
777,513,6
777,514,5
777,515,7
777,516,6
777,517,3
777,518,5
777,519,4
777,520,2
777,521,5
777,522,6
777,523,8
777,524,5
777,525,5
777,526,5
777,527,5
777,528,4
777,529,7
777,530,5
777,531,2
777,532,5
777,533,4
777,534,5
777,535,3
777,536,5
777,537,3
777,538,3
777,539,1
777,540,3
777,541,6
777,542,2
777,543,3
777,545,10
777,546,5
777,547,3
777,548,10
777,549,5
777,550,5
777,551,3
777,552,4
777,553,6
777,554,6
777,555,4
777,556,2
777,557,2
777,558,2
777,559,4
777,560,6
777,561,3
777,562,4
777,563,1
777,564,3
777,565,7
777,566,4
777,567,5
777,568,3
777,569,5
777,570,3
777,572,5
777,573,2
777,574,5
777,575,5
777,576,1
777,577,6
777,578,1
777,579,3
777,580,3
777,581,2
777,582,1
777,583,5
777,584,4
777,585,5
777,586,2
777,587,4
777,588,3
777,589,3
777,591,3
777,592,4
777,593,3
777,594,4
777,595,1
777,597,4
777,598,1
777,599,7
777,600,2
777,601,1
777,603,3
777,605,4
777,612,1
777,614,1
777,616,1
777,617,3
777,618,1
777,620,2
777,621,1
777,622,1
777,623,1
777,625,2
777,627,1
777,628,1
777,629,2
777,630,2
777,632,2
777,633,1
777,635,1
777,638,1
777,641,1
777,642,2
777,644,1
777,650,2
777,653,2
777,654,1
777,656,1
777,661,1
777,662,1
777,664,1
777,666,1
777,670,2
777,671,2
777,672,1
777,673,1
777,674,1
777,675,1
777,678,1
777,680,2
777,685,1
777,686,1
777,688,2
777,693,2
777,694,1
777,696,1
777,698,1
777,699,1
777,707,1
777,708,1
777,710,2
777,712,1
777,713,2
777,714,2
777,715,1
777,716,1
777,720,1
777,721,2
777,723,1
777,728,1
777,729,1
777,735,1
777,736,1
777,738,1
777,743,1
777,744,2
777,745,1
777,746,1
777,747,1
777,748,1
777,749,1
777,750,1
777,751,1
777,753,1
777,759,2
777,760,1
777,761,2
777,762,1
777,767,1
777,769,2
777,774,1
777,781,2
777,782,1
777,784,1
777,786,1
777,789,1
777,790,1
777,792,2
777,795,3
777,799,2
777,802,1
777,804,1
777,805,1
777,806,2
777,807,2
777,809,1
777,811,1
777,821,1
777,822,1
777,824,1
777,836,1
777,837,1
777,839,1
777,842,1
777,843,1
777,851,1
777,857,2
777,874,1
777,876,1
777,877,1
777,880,1
777,881,1
777,887,1
777,893,1
777,899,1
777,906,1
777,908,1
777,910,1
777,926,1
777,935,1
777,941,1
777,958,1
777,964,1
777,967,1
777,970,1
777,971,1
777,975,1
777,979,1
777,983,1
777,990,1
777,991,1
777,1007,1
777,1012,1
777,1044,1
777,1051,1
777,1055,1
777,1077,1
777,1102,1
777,1114,1
777,1115,1
777,1123,1
777,1124,1
777,1133,1
777,1135,1
777,1139,1
777,1154,1
777,1157,1
777,1181,1
777,1183,1
777,1204,1
777,1206,1
777,1210,1
777,1240,1
777,1332,1
777,1358,1
777,1404,1
777,1408,1
777,1431,1
777,1455,1
777,1519,1
777,1622,1
777,1636,1
777,1645,1
777,1740,1
777,1795,1
777,2024,1
777,2235,1
777,2642,1
777,2981,1
clock,3,4
clock,4,20
clock,5,70
clock,6,111
clock,7,152
clock,8,163
clock,9,266
clock,10,255
clock,11,233
clock,12,296
clock,13,243
clock,14,239
clock,15,267
clock,16,220
clock,17,200
clock,18,195
clock,19,182
clock,20,187
clock,21,162
clock,22,152
clock,23,144
clock,24,134
clock,25,120
clock,26,120
clock,27,131
clock,28,106
clock,29,103
clock,30,122
clock,31,100
clock,32,83
clock,33,78
clock,34,67
clock,35,79
clock,36,53
clock,37,56
clock,38,70
clock,39,46
clock,40,43
clock,41,48
clock,42,43
clock,43,51
clock,44,30
clock,45,41
clock,46,30
clock,47,29
clock,48,29
clock,49,32
clock,50,19
clock,51,16
clock,52,23
clock,53,19
clock,54,19
clock,55,14
clock,56,17
clock,57,12
clock,58,13
clock,59,10
clock,60,6
clock,61,5
clock,62,6
clock,63,12
clock,64,8
clock,65,6
clock,66,9
clock,67,5
clock,68,4
clock,69,6
clock,70,2
clock,71,5
clock,72,4
clock,73,2
clock,74,4
clock,75,2
clock,76,3
clock,77,5
clock,78,5
clock,79,1
clock,80,3
clock,81,4
clock,82,2
clock,83,4
clock,84,2
clock,85,3
clock,86,3
clock,87,3
clock,88,4
clock,89,4
clock,90,5
clock,91,4
clock,92,2
clock,93,2
clock,94,1
clock,95,2
clock,97,2
clock,98,2
clock,103,1
clock,104,1
clock,105,1
clock,106,2
clock,112,2
clock,113,1
clock,115,1
clock,117,2
clock,121,1
clock,123,1
clock,124,1
clock,134,1
clock,151,2
clock,153,1
clock,158,1
clock,167,1
clock,170,1
clock,193,1
clock,280,1
clock,282,1
clock,310,1
clock,487,1
minx,27,1
minx,30,2
minx,31,1
minx,33,1
minx,34,3
minx,35,7
minx,36,5
minx,37,6
minx,38,6
minx,39,9
minx,40,17
minx,41,16
minx,42,14
minx,43,17
minx,44,19
minx,45,18
minx,46,23
minx,47,24
minx,48,25
minx,49,43
minx,50,25
minx,51,34
minx,52,33
minx,53,39
minx,54,35
minx,55,37
minx,56,50
minx,57,45
minx,58,45
minx,59,58
minx,60,43
minx,61,53
minx,62,54
minx,63,42
minx,64,49
minx,65,63
minx,66,54
minx,67,59
minx,68,52
minx,69,56
minx,70,56
minx,71,58
minx,72,60
minx,73,59
minx,74,63
minx,75,69
minx,76,48
minx,77,73
minx,78,78
minx,79,82
minx,80,76
minx,81,83
minx,82,74
minx,83,84
minx,84,88
minx,85,76
minx,86,64
minx,87,83
minx,88,76
minx,89,86
minx,90,99
minx,91,75
minx,92,82
minx,93,78
minx,94,73
minx,95,81
minx,96,92
minx,97,94
minx,98,89
minx,99,72
minx,100,74
minx,101,77
minx,102,90
minx,103,74
minx,104,75
minx,105,72
minx,106,65
minx,107,73
minx,108,79
minx,109,63
minx,110,83
minx,111,77
minx,112,73
minx,113,89
minx,114,63
minx,115,52
minx,116,69
minx,117,57
minx,118,61
minx,119,73
minx,120,67
minx,121,73
minx,122,73
minx,123,76
minx,124,76
minx,125,68
minx,126,49
minx,127,78
minx,128,54
minx,129,67
minx,130,62
minx,131,53
minx,132,61
minx,133,59
minx,134,66
minx,135,66
minx,136,71
minx,137,54
minx,138,56
minx,139,64
minx,140,48
minx,141,64
minx,142,69
minx,143,60
minx,144,41
minx,145,51
minx,146,58
minx,147,55
minx,148,47
minx,149,45
minx,150,61
minx,151,57
minx,152,55
minx,153,63
minx,154,65
minx,155,55
minx,156,55
minx,157,55
minx,158,46
minx,159,42
minx,160,49
minx,161,46
minx,162,57
minx,163,49
minx,164,54
minx,165,47
minx,166,50
minx,167,44
minx,168,42
minx,169,43
minx,170,49
minx,171,34
minx,172,46
minx,173,38
minx,174,41
minx,175,41
minx,176,42
minx,177,43
minx,178,43
minx,179,37
minx,180,42
minx,181,43
minx,182,44
minx,183,41
minx,184,32
minx,185,36
minx,186,49
minx,187,50
minx,188,44
minx,189,38
minx,190,45
minx,191,39
minx,192,39
minx,193,45
minx,194,29
minx,195,37
minx,196,37
minx,197,45
minx,198,32
minx,199,35
minx,200,34
minx,201,31
minx,202,41
minx,203,46
minx,204,33
minx,205,38
minx,206,27
minx,207,25
minx,208,38
minx,209,31
minx,210,36
minx,211,37
minx,212,21
minx,213,35
minx,214,28
minx,215,32
minx,216,32
minx,217,28
minx,218,33
minx,219,28
minx,220,31
minx,221,41
minx,222,35
minx,223,26
minx,224,25
minx,225,26
minx,226,24
minx,227,30
minx,228,25
minx,229,30
minx,230,24
minx,231,29
minx,232,29
minx,233,25
minx,234,30
minx,235,30
minx,236,21
minx,237,29
minx,238,29
minx,239,30
minx,240,15
minx,241,20
minx,242,18
minx,243,29
minx,244,26
minx,245,18
minx,246,21
minx,247,20
minx,248,24
minx,249,19
minx,250,23
minx,251,22
minx,252,18
minx,253,17
minx,254,25
minx,255,22
minx,256,16
minx,257,19
minx,258,19
minx,259,18
minx,260,21
minx,261,15
minx,262,27
minx,263,30
minx,264,15
minx,265,17
minx,266,17
minx,267,16
minx,268,20
minx,269,16
minx,270,10
minx,271,26
minx,272,9
minx,273,19
minx,274,13
minx,275,20
minx,276,16
minx,277,15
minx,278,14
minx,279,11
minx,280,14
minx,281,18
minx,282,11
minx,283,14
minx,284,9
minx,285,13
minx,286,8
minx,287,15
minx,288,8
minx,289,10
minx,290,19
minx,291,9
minx,292,9
minx,293,16
minx,294,12
minx,295,8
minx,296,11
minx,297,14
minx,298,6
minx,299,9
minx,300,18
minx,301,11
minx,302,5
minx,303,4
minx,304,9
minx,305,8
minx,306,12
minx,307,7
minx,308,8
minx,309,7
minx,310,3
minx,311,4
minx,312,7
minx,313,9
minx,314,2
minx,315,5
minx,316,4
minx,317,2
minx,318,5
minx,319,10
minx,320,8
minx,321,6
minx,322,10
minx,323,9
minx,324,6
minx,325,8
minx,326,9
minx,327,5
minx,328,4
minx,329,8
minx,330,7
minx,331,7
minx,332,8
minx,333,6
minx,334,3
minx,335,6
minx,336,5
minx,337,6
minx,338,9
minx,339,1
minx,340,8
minx,341,11
minx,342,6
minx,344,6
minx,345,5
minx,346,6
minx,347,1
minx,348,5
minx,349,8
minx,350,6
minx,351,6
minx,352,3
minx,353,3
minx,354,5
minx,355,5
minx,356,7
minx,357,5
minx,358,3
minx,359,2
minx,360,2
minx,361,7
minx,362,2
minx,363,3
minx,364,3
minx,365,1
minx,366,4
minx,367,4
minx,368,8
minx,369,1
minx,370,7
minx,371,4
minx,372,5
minx,373,4
minx,374,5
minx,375,6
minx,376,6
minx,377,4
minx,378,3
minx,379,4
minx,380,4
minx,381,5
minx,382,2
minx,383,4
minx,384,4
minx,385,3
minx,386,5
minx,387,2
minx,388,1
minx,389,5
minx,390,4
minx,391,4
minx,392,2
minx,393,6
minx,394,2
minx,395,5
minx,396,2
minx,397,2
minx,398,3
minx,399,6
minx,400,1
minx,401,3
minx,402,4
minx,403,2
minx,404,5
minx,405,3
minx,406,1
minx,407,4
minx,409,4
minx,410,3
minx,411,4
minx,412,4
minx,413,4
minx,414,6
minx,415,3
minx,416,4
minx,418,6
minx,419,1
minx,420,1
minx,421,3
minx,423,2
minx,424,1
minx,425,2
minx,427,4
minx,429,1
minx,434,2
minx,436,2
minx,437,5
minx,438,5
minx,440,1
minx,441,2
minx,442,1
minx,443,3
minx,444,2
minx,445,1
minx,446,1
minx,449,1
minx,450,1
minx,451,1
minx,452,2
minx,455,1
minx,456,2
minx,458,3
minx,460,2
minx,461,1
minx,462,1
minx,464,2
minx,465,1
minx,466,1
minx,469,1
minx,470,1
minx,472,1
minx,473,1
minx,474,1
minx,475,1
minx,477,1
minx,478,1
minx,479,2
minx,480,1
minx,482,1
minx,484,2
minx,485,1
minx,487,2
minx,488,1
minx,489,2
minx,490,1
minx,491,2
minx,492,2
minx,494,1
minx,495,2
minx,500,1
minx,503,1
minx,504,1
minx,506,1
minx,514,2
minx,516,2
minx,518,1
minx,520,1
minx,521,2
minx,523,2
minx,528,1
minx,529,2
minx,531,1
minx,532,2
minx,533,1
minx,534,1
minx,535,1
minx,538,1
minx,539,1
minx,542,1
minx,546,1
minx,551,1
minx,552,1
minx,553,1
minx,555,2
minx,557,1
minx,558,1
minx,567,1
minx,573,1
minx,574,2
minx,575,1
minx,576,1
minx,578,1
minx,580,1
minx,581,1
minx,582,1
minx,583,2
minx,584,1
minx,592,1
minx,594,1
minx,598,1
minx,645,1
minx,648,1
minx,696,1
minx,700,1
minx,735,1
minx,801,1
minx,810,1
minx,839,1
minx,843,1
minx,858,1
minx,859,1
minx,888,1
pyram,0,2
pyram,1,159
pyram,2,847
pyram,3,1611
pyram,4,2312
pyram,5,2968
pyram,6,3467
pyram,7,3798
pyram,8,3965
pyram,9,3774
pyram,10,3510
pyram,11,3151
pyram,12,2721
pyram,13,2301
pyram,14,1971
pyram,15,1518
pyram,16,1251
pyram,17,1001
pyram,18,781
pyram,19,687
pyram,20,580
pyram,21,487
pyram,22,330
pyram,23,328
pyram,24,238
pyram,25,221
pyram,26,167
pyram,27,165
pyram,28,131
pyram,29,109
pyram,30,109
pyram,31,87
pyram,32,92
pyram,33,77
pyram,34,60
pyram,35,51
pyram,36,54
pyram,37,46
pyram,38,34
pyram,39,31
pyram,40,25
pyram,41,32
pyram,42,21
pyram,43,14
pyram,44,21
pyram,45,17
pyram,46,13
pyram,47,8
pyram,48,9
pyram,49,10
pyram,50,15
pyram,51,4
pyram,52,9
pyram,53,6
pyram,54,5
pyram,55,11
pyram,56,4
pyram,57,10
pyram,58,3
pyram,59,5
pyram,61,4
pyram,62,5
pyram,63,4
pyram,64,2
pyram,65,4
pyram,68,1
pyram,69,2
pyram,70,4
pyram,72,2
pyram,74,2
pyram,75,2
pyram,76,1
pyram,77,2
pyram,78,3
pyram,79,1
pyram,80,2
pyram,81,4
pyram,83,2
pyram,84,2
pyram,85,2
pyram,87,2
pyram,88,2
pyram,89,1
pyram,91,3
pyram,93,2
pyram,94,1
pyram,95,3
pyram,97,1
pyram,98,1
pyram,99,1
pyram,100,3
pyram,101,1
pyram,105,2
pyram,106,2
pyram,107,1
pyram,110,1
pyram,111,2
pyram,120,1
pyram,121,1
pyram,128,1
pyram,151,1
pyram,155,2
pyram,162,1
pyram,182,1
pyram,213,1
pyram,233,1
pyram,242,1
pyram,272,1
skewb,1,128
skewb,2,677
skewb,3,1383
skewb,4,1686
skewb,5,1851
skewb,6,1975
skewb,7,1950
skewb,8,1829
skewb,9,1661
skewb,10,1459
skewb,11,1324
skewb,12,1145
skewb,13,1017
skewb,14,834
skewb,15,737
skewb,16,605
skewb,17,484
skewb,18,444
skewb,19,348
skewb,20,333
skewb,21,292
skewb,22,245
skewb,23,222
skewb,24,184
skewb,25,171
skewb,26,124
skewb,27,121
skewb,28,89
skewb,29,95
skewb,30,91
skewb,31,80
skewb,32,70
skewb,33,71
skewb,34,63
skewb,35,57
skewb,36,45
skewb,37,38
skewb,38,28
skewb,39,29
skewb,40,29
skewb,41,25
skewb,42,21
skewb,43,14
skewb,44,22
skewb,45,13
skewb,46,18
skewb,47,12
skewb,48,16
skewb,49,16
skewb,50,7
skewb,51,8
skewb,52,6
skewb,53,9
skewb,54,5
skewb,55,10
skewb,56,5
skewb,57,7
skewb,58,5
skewb,59,4
skewb,60,9
skewb,61,3
skewb,62,1
skewb,63,4
skewb,64,3
skewb,65,2
skewb,66,2
skewb,69,2
skewb,71,3
skewb,72,3
skewb,74,2
skewb,75,3
skewb,76,1
skewb,77,2
skewb,80,1
skewb,82,3
skewb,83,1
skewb,86,1
skewb,88,1
skewb,98,1
skewb,99,2
skewb,115,1
skewb,187,1
skewb,232,1
skewb,247,1
sq1,5,7
sq1,6,26
sq1,7,47
sq1,8,88
sq1,9,89
sq1,10,100
sq1,11,132
sq1,12,124
sq1,13,151
sq1,14,159
sq1,15,172
sq1,16,172
sq1,17,204
sq1,18,182
sq1,19,202
sq1,20,197
sq1,21,180
sq1,22,168
sq1,23,181
sq1,24,218
sq1,25,196
sq1,26,179
sq1,27,198
sq1,28,171
sq1,29,187
sq1,30,163
sq1,31,195
sq1,32,164
sq1,33,174
sq1,34,174
sq1,35,153
sq1,36,159
sq1,37,127
sq1,38,147
sq1,39,119
sq1,40,127
sq1,41,122
sq1,42,87
sq1,43,118
sq1,44,112
sq1,45,122
sq1,46,89
sq1,47,107
sq1,48,110
sq1,49,98
sq1,50,107
sq1,51,74
sq1,52,94
sq1,53,87
sq1,54,76
sq1,55,59
sq1,56,71
sq1,57,76
sq1,58,56
sq1,59,59
sq1,60,79
sq1,61,72
sq1,62,56
sq1,63,56
sq1,64,66
sq1,65,60
sq1,66,61
sq1,67,46
sq1,68,49
sq1,69,48
sq1,70,54
sq1,71,32
sq1,72,41
sq1,73,56
sq1,74,41
sq1,75,41
sq1,76,50
sq1,77,26
sq1,78,37
sq1,79,38
sq1,80,32
sq1,81,34
sq1,82,19
sq1,83,26
sq1,84,28
sq1,85,25
sq1,86,20
sq1,87,19
sq1,88,16
sq1,89,23
sq1,90,17
sq1,91,13
sq1,92,20
sq1,93,12
sq1,94,19
sq1,95,12
sq1,96,18
sq1,97,10
sq1,98,9
sq1,99,7
sq1,100,15
sq1,101,16
sq1,102,12
sq1,103,17
sq1,104,15
sq1,105,11
sq1,106,8
sq1,107,10
sq1,108,9
sq1,109,9
sq1,110,12
sq1,111,9
sq1,112,8
sq1,113,6
sq1,114,6
sq1,115,8
sq1,116,7
sq1,117,5
sq1,118,9
sq1,119,6
sq1,120,2
sq1,121,5
sq1,122,4
sq1,123,7
sq1,124,6
sq1,125,6
sq1,126,3
sq1,127,2
sq1,128,4
sq1,129,2
sq1,130,9
sq1,131,4
sq1,132,5
sq1,133,2
sq1,134,1
sq1,135,3
sq1,136,5
sq1,137,1
sq1,138,3
sq1,139,7
sq1,140,3
sq1,141,5
sq1,142,3
sq1,143,8
sq1,144,1
sq1,146,4
sq1,147,1
sq1,148,3
sq1,149,2
sq1,151,1
sq1,152,3
sq1,153,1
sq1,155,5
sq1,156,2
sq1,157,2
sq1,158,2
sq1,159,2
sq1,160,2
sq1,162,1
sq1,163,1
sq1,164,2
sq1,165,3
sq1,166,2
sq1,167,1
sq1,168,1
sq1,169,1
sq1,170,1
sq1,171,2
sq1,173,2
sq1,174,1
sq1,175,2
sq1,176,4
sq1,177,1
sq1,178,1
sq1,181,3
sq1,182,1
sq1,184,1
sq1,186,1
sq1,187,2
sq1,189,1
sq1,190,1
sq1,192,2
sq1,193,1
sq1,194,1
sq1,196,2
sq1,198,1
sq1,204,1
sq1,208,1
sq1,212,1
sq1,214,1
sq1,217,1
sq1,218,1
sq1,220,1
sq1,221,2
sq1,222,1
sq1,227,1
sq1,229,1
sq1,231,1
sq1,232,1
sq1,234,1
sq1,236,1
sq1,256,1
sq1,257,1
sq1,260,2
sq1,265,1
sq1,266,1
sq1,267,1
sq1,268,1
sq1,272,1
sq1,279,1
sq1,283,1
sq1,288,1
sq1,293,1
sq1,306,1
sq1,309,1
sq1,316,1
sq1,322,1
sq1,328,1
sq1,334,1
sq1,342,1
sq1,347,1
sq1,353,1
sq1,395,1
sq1,410,1
sq1,491,1
sq1,519,1
sq1,538,1
